Timestamp_ms,GazeX_px,GazeY_px,ParticipantID,TrialNumber
0.0,396.66811918638194,299.2943877357799,P001,1
5.0,400.03899947897435,296.6637036353012,P001,1
10.0,399.1915464694706,300.7826475982562,P001,1
15.0,398.30621083677727,299.0433356220029,P001,1
20.0,396.3372000315506,297.32111198567134,P001,1
25.0,401.1480871047423,298.082393936121,P001,1
30.0,398.8604359819251,298.21882670254297,P001,1
35.0,400.4004942923909,297.9525565299616,P001,1
40.0,401.05267127782764,299.3149199882929,P001,1
45.0,400.43818197372855,301.7654655517193,P001,1
50.0,399.70286037423716,300.5495201806246,P001,1
55.0,400.9881568950373,299.4067470034866,P001,1
60.0,400.77993614650455,302.27161149078813,P001,1
65.0,400.89851712785077,299.11090939307326,P001,1
70.0,397.5226285698854,299.2859342466487,P001,1
75.0,399.411338951011,298.7308390110082,P001,1
80.0,398.9840245617693,299.66284853731884,P001,1
85.0,404.4040161485476,300.8466431204865,P001,1
90.0,399.003059160651,297.70423319686927,P001,1
95.0,401.8861951669707,298.870689766912,P001,1
100.0,397.4783391776926,303.29199960774196,P001,1
105.0,399.40063980951135,298.431480365603,P001,1
110.0,397.85089486934027,300.4668026552079,P001,1
115.0,400.2894136739788,299.72265503287724,P001,1
120.0,402.7200362742747,299.98936636516186,P001,1
125.0,398.66242821918746,299.6655403571784,P001,1
130.0,401.18432318216196,298.9720875973603,P001,1
135.0,401.16164039112846,300.2758202066755,P001,1
140.0,400.9604273579778,300.23654807858554,P001,1
145.0,399.66056480722625,301.3828579139695,P001,1
150.0,399.7673327122337,303.64744664048345,P001,1
155.0,400.2036506219866,299.5274993070492,P001,1
160.0,400.310685961435,302.39836559046984,P001,1
165.0,400.23491716795763,302.48008815761585,P001,1
170.0,401.16850250241623,300.3702452864924,P001,1
175.0,399.8103735365845,298.28886335744215,P001,1
180.0,400.8200422139948,300.2609351506206,P001,1
185.0,400.45653677344467,297.7547647021761,P001,1
190.0,398.3173801425325,299.74779168612963,P001,1
195.0,398.6264324032256,298.76607035798804,P001,1
200.0,400.8510401309172,301.15736224105115,P001,1
205.0,400.7266280755776,300.2356598634546,P001,1
210.0,401.6236077551948,297.0199410731544,P001,1
215.0,396.64754175189626,300.693107707385,P001,1
220.0,400.92058865720384,301.3800128156797,P001,1
225.0,396.3812773509229,296.89295107592943,P001,1
230.0,399.91571126782077,301.2569668524403,P001,1
235.0,396.2790638731212,296.6821838109948,P001,1
240.0,402.02242287286464,299.0393935092897,P001,1
245.0,398.711785875969,299.8671644012345,P001,1
250.0,403.2618641260267,300.27514269791436,P001,1
255.0,400.3153011906104,299.7920647873722,P001,1
260.0,401.26492474048223,301.9460300237922,P001,1
265.0,400.86025511779656,301.2457669542794,P001,1
270.0,402.6963781093542,300.1775666867955,P001,1
275.0,399.95554241759453,300.86545104047264,P001,1
280.0,398.287427375804,298.3661466246361,P001,1
285.0,398.2211767709,299.9303364740883,P001,1
290.0,398.62423863136223,299.4930662258927,P001,1
295.0,400.0789750924164,302.11854130241517,P001,1
300.0,400.5259521337723,299.64363340732615,P001,1
305.0,399.61083245648217,301.0352321941479,P001,1
310.0,400.23285187125936,299.3929047097067,P001,1
315.0,402.3294540208944,297.9793306155048,P001,1
320.0,397.3467617386556,300.7690650853226,P001,1
325.0,399.17287752063754,300.78555177268373,P001,1
330.0,401.5393888403627,299.594914999242,P001,1
335.0,398.400908720116,296.1697306911505,P001,1
340.0,401.5566426461849,298.52202056673224,P001,1
345.0,399.3627990602182,301.945308411828,P001,1
350.0,399.1226045637989,301.1761709958072,P001,1
355.0,399.70965682669754,301.11332593048417,P001,1
360.0,400.2591800105972,300.9042721663093,P001,1
365.0,399.48806040177095,300.1461827212438,P001,1
370.0,402.2797701888965,300.28002041618277,P001,1
375.0,399.45939623799853,301.934475454656,P001,1
380.0,401.7952086471081,298.56095132071425,P001,1
385.0,401.64960749342265,301.9413609392081,P001,1
390.0,399.6980664919197,300.83221614185896,P001,1
395.0,402.0956942259855,298.38075789139396,P001,1
400.0,402.77087868967067,300.32532277894853,P001,1
405.0,400.98898773778853,300.7695746000898,P001,1
410.0,401.3355343711075,299.90185482349574,P001,1
415.0,397.4003492820695,299.0381009559334,P001,1
420.0,400.9142511277326,298.01812658980975,P001,1
425.0,401.6981146194397,298.41603176302857,P001,1
430.0,402.7922127282347,299.42743223761335,P001,1
435.0,399.37000764622843,298.66788371664023,P001,1
440.0,400.36400479859026,301.63461345518584,P001,1
445.0,401.85043640003914,300.26742308493806,P001,1
450.0,399.0076648857458,297.5329798803376,P001,1
455.0,401.0002479908117,300.75900860803364,P001,1
460.0,395.6536059279942,300.5220966497824,P001,1
465.0,400.9435201149863,300.1981313231884,P001,1
470.0,397.58597164266075,300.6405790603269,P001,1
475.0,397.53379793322944,301.15566499285546,P001,1
480.0,399.5313664932392,301.08703012085033,P001,1
485.0,399.2578813766776,301.41805827975617,P001,1
490.0,399.9991516592018,301.25790294261947,P001,1
495.0,396.20939281480617,301.08429561033864,P001,1
500.0,398.38400026142745,300.7675864801641,P001,1
505.0,402.74026719862985,299.4602472689094,P001,1
510.0,399.99481457836384,300.53600966170234,P001,1
515.0,398.40864322183603,300.48201261230224,P001,1
520.0,401.07465807002905,297.7450874397791,P001,1
525.0,399.65237924829967,298.4871258492279,P001,1
530.0,401.18106917376423,297.7788823646443,P001,1
535.0,399.4853399000269,298.86510274823786,P001,1
540.0,402.85963599556476,301.1463803460395,P001,1
545.0,400.29391916336266,300.41344110106684,P001,1
550.0,400.524159917981,298.7673840514545,P001,1
555.0,397.26935800419153,299.9361158690847,P001,1
560.0,398.57941553321444,299.9425653831346,P001,1
565.0,401.5747250311954,299.34059163874673,P001,1
570.0,398.7303853028829,298.7795851991191,P001,1
575.0,401.4286361421759,299.7093758629485,P001,1
580.0,397.3910725082185,300.81414395628923,P001,1
585.0,399.8174587410965,300.0597666499477,P001,1
590.0,401.2791626118418,300.8623690422346,P001,1
595.0,400.13357660384713,302.41764341831197,P001,1
600.0,399.41541032646563,301.28093893683234,P001,1
605.0,401.3223625805392,301.45662373178345,P001,1
610.0,402.6769186025147,299.0419854821563,P001,1
615.0,400.7104367677267,302.4611705938684,P001,1
620.0,402.3469106684556,300.04218142748715,P001,1
625.0,401.48927178254695,300.46064500338747,P001,1
630.0,399.16459803162513,296.44252004736364,P001,1
635.0,400.39755470547505,298.98077042515473,P001,1
640.0,402.2523528921768,300.26246477787936,P001,1
645.0,398.1984910377012,298.6764765497232,P001,1
650.0,398.26134239019484,299.384063145483,P001,1
655.0,399.14201067901723,299.14916635270066,P001,1
660.0,396.49904018089416,302.26224016703446,P001,1
665.0,399.74706044575214,299.28038762439706,P001,1
670.0,401.1593991676823,298.54699514851677,P001,1
675.0,400.1094649427122,300.5823149272276,P001,1
680.0,397.5845157044272,298.6690726103415,P001,1
685.0,396.61937172381585,301.60117510962823,P001,1
690.0,400.3251693384125,298.48014559298923,P001,1
695.0,401.0502032604213,300.3682263986603,P001,1
700.0,401.7672988954682,298.77648990614637,P001,1
705.0,399.58331326482534,300.2324715564341,P001,1
710.0,397.35890031317786,301.3385539950556,P001,1
715.0,400.2853486638865,299.2941569663907,P001,1
720.0,398.653972801793,302.2017897705834,P001,1
725.0,397.3641826171249,302.26829948922256,P001,1
730.0,401.7461647030654,299.8733525899861,P001,1
735.0,397.33887215302303,300.4319670868695,P001,1
740.0,401.354132540318,298.8403116726226,P001,1
745.0,398.3557264003711,302.7621203750404,P001,1
750.0,400.5634931935559,302.8755754308126,P001,1
755.0,400.9476714751339,301.0653371189143,P001,1
760.0,401.00268150575755,302.2101245566961,P001,1
765.0,399.18127993427794,300.4673436889897,P001,1
770.0,401.08255904125866,299.54744786548076,P001,1
775.0,397.3431315374325,301.725975949172,P001,1
780.0,396.8446426951197,297.37790756548037,P001,1
785.0,398.44216666874047,298.9851937969209,P001,1
790.0,400.8688532738823,299.9199441645532,P001,1
795.0,400.55127727691155,297.02710126233814,P001,1
800.0,400.38757286010446,301.07324847682776,P001,1
805.0,400.4854412024283,301.08806885226255,P001,1
810.0,398.451711094087,299.6372886721271,P001,1
815.0,400.89259475066643,299.8062536780524,P001,1
820.0,398.4259960511672,298.8986754054587,P001,1
825.0,397.916493381924,300.01919174518656,P001,1
830.0,400.33283688374826,299.2898697448591,P001,1
835.0,398.6821689501372,301.1008657720691,P001,1
840.0,397.75971590869625,299.704650825206,P001,1
845.0,399.6485566502674,301.3377434016825,P001,1
850.0,400.8005826478092,296.03889861132154,P001,1
855.0,399.50106673958607,298.1333615551287,P001,1
860.0,398.49271834720673,299.7582493162618,P001,1
865.0,399.88642678425106,304.55122993359186,P001,1
870.0,401.89100535264333,297.99617465702426,P001,1
875.0,398.6240300195275,303.23513755518866,P001,1
880.0,400.52516049920644,300.67614871472307,P001,1
885.0,398.77292504904636,302.00421319928637,P001,1
890.0,399.45360588834296,299.19441722297955,P001,1
895.0,400.92680062138334,300.72437203208244,P001,1
900.0,399.4198780933577,300.14670730249645,P001,1
905.0,400.49752055146655,299.19182014324406,P001,1
910.0,399.8894974669429,299.3667235226682,P001,1
915.0,400.03859769736505,300.01859957489773,P001,1
920.0,400.8518500097369,300.780431466969,P001,1
925.0,402.29116154863135,300.6653099045859,P001,1
930.0,397.90238312087314,298.6570212727665,P001,1
935.0,398.6363780581358,300.5628609412445,P001,1
940.0,400.4793980387782,299.82134225236445,P001,1
945.0,404.5891605507775,297.36992793421194,P001,1
950.0,400.94644107334665,302.1746781169628,P001,1
955.0,402.69356533868626,300.56189215615206,P001,1
960.0,397.87172635266205,300.6664011567133,P001,1
965.0,399.66426620308675,301.09159392844396,P001,1
970.0,402.753908477177,299.7276125397437,P001,1
975.0,402.4465608419727,298.7756489863908,P001,1
980.0,400.1194545511633,300.1532752410902,P001,1
985.0,400.3668091849113,299.32320579216076,P001,1
990.0,400.4540160221765,301.18081348997003,P001,1
995.0,401.566734936602,298.9627917918126,P001,1
1000.0,401.08082075348557,301.5465592435602,P001,1
1005.0,400.45411531090434,297.7171607917146,P001,1
1010.0,401.55920498583384,300.846373158569,P001,1
1015.0,404.84872901074635,299.9401179203699,P001,1
1020.0,398.59708851732074,301.13781771076,P001,1
1025.0,399.2392608511658,301.26480105383473,P001,1
1030.0,399.2461008760019,299.89704785834283,P001,1
1035.0,399.9848497005219,301.0363968758598,P001,1
1040.0,400.84885566588275,300.1204796330637,P001,1
1045.0,439.51049935523855,292.6368113434496,P001,1
1050.0,465.4340981717533,292.09019334649554,P001,1
1055.0,499.8125868070134,291.3765951199569,P001,1
1060.0,535.2698575369716,282.702564582393,P001,1
1065.0,569.3739394806639,282.47687281667964,P001,1
1070.0,596.706752850558,279.417590833703,P001,1
1075.0,628.9068176370391,278.5579096596861,P001,1
1080.0,670.3963197949025,273.5085293337949,P001,1
1085.0,698.5988599781615,267.8483644522282,P001,1
1090.0,731.5147530711256,269.84572034196106,P001,1
1095.0,766.2662456918524,261.7849576858845,P001,1
1100.0,797.5432797884131,255.13183691542002,P001,1
1105.0,830.3364291079685,256.6803711175366,P001,1
1110.0,868.7760862651237,252.36220826197362,P001,1
1115.0,898.4852346025272,251.36081168193746,P001,1
1120.0,899.7090226036557,250.02468895248026,P001,1
1125.0,900.5600889287368,248.8498392908444,P001,1
1130.0,897.6726156703746,249.0685763568312,P001,1
1135.0,,,P001,1
1140.0,900.4388206758482,249.1096378786753,P001,1
1145.0,898.9669111120887,250.79134012042064,P001,1
1150.0,901.3539557998928,247.90615099665456,P001,1
1155.0,897.7131831308856,248.24430822566046,P001,1
1160.0,900.3819035496897,249.1295208627555,P001,1
1165.0,899.4572839027344,250.16264943294348,P001,1
1170.0,899.1898375238695,251.0533977564401,P001,1
1175.0,900.50802493521,248.7666174241914,P001,1
1180.0,899.6533706787463,248.525825273194,P001,1
1185.0,899.5385215044143,250.21981340566762,P001,1
1190.0,901.9772158993521,250.22032460200649,P001,1
1195.0,902.2989334004392,249.56065622122307,P001,1
1200.0,898.7194263545512,250.4130147824422,P001,1
1205.0,899.7060330820797,250.94533001916437,P001,1
1210.0,898.4835204152644,249.7907725767534,P001,1
1215.0,898.2940348135287,249.31748733159623,P001,1
1220.0,900.8504136224859,249.06429542803977,P001,1
1225.0,900.0348971760161,250.3689384010679,P001,1
1230.0,900.9547595036083,249.2548000820391,P001,1
1235.0,898.7109234646314,251.1884557504921,P001,1
1240.0,901.2126340236858,249.84856883378893,P001,1
1245.0,900.0623353311527,249.32603912871448,P001,1
1250.0,898.4936565333987,248.3477543332078,P001,1
1255.0,899.1698116316256,248.36070986152967,P001,1
1260.0,902.7210393080929,249.8252508916765,P001,1
1265.0,900.6502298791266,249.96621496423825,P001,1
1270.0,901.5591014446859,250.51251762205143,P001,1
1275.0,899.8780208340995,249.5765378604411,P001,1
1280.0,898.1066147779577,250.951718811417,P001,1
1285.0,901.8017495558222,247.90566516550845,P001,1
1290.0,900.845359234952,250.1112963717987,P001,1
1295.0,900.7988740665655,252.16698209329033,P001,1
1300.0,,,P001,1
1305.0,900.5805697923736,252.7817474586242,P001,1
1310.0,900.7665367069092,252.3232180964711,P001,1
1315.0,897.4082825305392,251.3414004762456,P001,1
1320.0,902.5722408308549,249.89741688485847,P001,1
1325.0,901.4080445331285,250.65866114096553,P001,1
1330.0,899.0208087145619,249.7107946699835,P001,1
1335.0,900.1088943267853,251.88291945414835,P001,1
1340.0,897.6645144702071,250.1545345707707,P001,1
1345.0,900.0558503373909,248.18320869820954,P001,1
1350.0,900.5946296008462,251.05089403018602,P001,1
1355.0,901.663444855233,251.03543009572394,P001,1
1360.0,900.07531244056,249.62619521416644,P001,1
1365.0,899.6993306835677,249.1873212989094,P001,1
1370.0,899.5441243514573,251.14676008796815,P001,1
1375.0,900.0567115833835,253.04819011539536,P001,1
1380.0,899.5732469480822,246.51691083861016,P001,1
1385.0,900.8731854167903,251.17657273247457,P001,1
1390.0,900.4923320993374,250.169536298373,P001,1
1395.0,900.3486516649215,250.23551873093894,P001,1
1400.0,900.2313280245116,249.6387291270696,P001,1
1405.0,902.8699921872876,249.3168795726112,P001,1
1410.0,898.3870896805554,251.7296655429243,P001,1
1415.0,901.5128285414121,250.80691308261066,P001,1
1420.0,898.0918360532345,251.19664972001223,P001,1
1425.0,904.8231682754188,249.93483728982807,P001,1
1430.0,899.4060722251296,251.63702145842015,P001,1
1435.0,900.006986565178,247.63003287786955,P001,1
1440.0,900.3947303621792,251.83478455852904,P001,1
1445.0,900.8441795290229,247.80307111697235,P001,1
1450.0,898.4881869109929,250.9817796853444,P001,1
1455.0,902.5190647338188,249.84056699184427,P001,1
1460.0,899.8270323255086,250.77160156378918,P001,1
1465.0,900.7516726571297,251.80564895821294,P001,1
1470.0,902.9211042600899,249.40245667136077,P001,1
1475.0,898.8732654861059,248.29156398199592,P001,1
1480.0,901.9860924656907,249.19394046833364,P001,1
1485.0,902.6618326876138,249.68171476754503,P001,1
1490.0,900.940722276994,249.38852550290872,P001,1
1495.0,899.3433338058877,248.36610679178102,P001,1
1500.0,903.3752001085948,249.9824440704841,P001,1
1505.0,902.0502378054981,250.20940851661624,P001,1
1510.0,899.4169634011664,248.72162968774296,P001,1
1515.0,900.1224793555654,251.49336395620944,P001,1
1520.0,901.4938700673312,251.44212445084406,P001,1
1525.0,901.0560156255501,250.08612180679467,P001,1
1530.0,899.1717332733256,249.23526912568366,P001,1
1535.0,899.7424726671705,250.71037306494443,P001,1
1540.0,901.9662465185352,250.44936840097733,P001,1
1545.0,901.1318677131749,248.55856884686995,P001,1
1550.0,896.7887799358856,248.57041468916955,P001,1
1555.0,903.9965839401029,249.3674712795078,P001,1
1560.0,900.5937284832875,250.38185706542174,P001,1
1565.0,899.6984663659874,248.56984261551892,P001,1
1570.0,899.9690382608055,250.83283436179184,P001,1
1575.0,901.1697739295006,251.14788806066846,P001,1
1580.0,898.896947085436,250.03675286144272,P001,1
1585.0,900.0734090284908,249.69871657050695,P001,1
1590.0,901.4392565940904,251.49624586195657,P001,1
1595.0,901.5026315214842,251.04126774959968,P001,1
1600.0,899.1929128718639,248.23865133038203,P001,1
1605.0,900.50637429662,250.12276309793765,P001,1
1610.0,901.3528974584167,249.72929767203973,P001,1
1615.0,899.8865938964623,250.876958779175,P001,1
1620.0,903.0795318885714,251.20664087990218,P001,1
1625.0,901.9204726952299,247.6163858547071,P001,1
1630.0,899.0235069039845,253.08799696959508,P001,1
1635.0,899.6599761759219,246.39816197873483,P001,1
1640.0,898.8491721044566,248.85202711036646,P001,1
1645.0,900.4969414100359,253.35307222179492,P001,1
1650.0,900.4610481012179,250.55543263900256,P001,1
1655.0,900.2642938921123,252.33466878033968,P001,1
1660.0,900.2662341576053,249.17565611450473,P001,1
1665.0,900.5161934686014,249.0227545495279,P001,1
1670.0,898.4025009546131,250.58919488072027,P001,1
1675.0,903.3145197386538,247.70607486364997,P001,1
1680.0,899.2625753554682,249.08755626233764,P001,1
1685.0,900.6605135160172,250.68387938927293,P001,1
1690.0,898.2032497013678,249.11953699911416,P001,1
1695.0,901.2445450825059,250.9430253126859,P001,1
1700.0,899.5032534268232,248.87357438453654,P001,1
1705.0,900.1694747317135,251.02128268269732,P001,1
1710.0,901.2975718055778,251.7145621440295,P001,1
1715.0,899.8812542542045,247.86230461940139,P001,1
1720.0,901.8332387867752,249.60493686387287,P001,1
1725.0,901.3137923728851,248.62247244843104,P001,1
1730.0,901.3227786736396,249.98491443449123,P001,1
1735.0,900.8209500773338,248.08055964237636,P001,1
1740.0,902.245070551024,251.01946750951947,P001,1
1745.0,899.5461519005496,249.95957077092066,P001,1
1750.0,901.5245849156184,249.20480680877037,P001,1
1755.0,897.8898652442733,249.62572377624113,P001,1
1760.0,902.2938142101318,250.24557509516072,P001,1
1765.0,901.5454556336123,246.41645380567155,P001,1
1770.0,898.6928325399223,248.8223852712512,P001,1
1775.0,900.5158229766807,247.7967866503871,P001,1
1780.0,901.1956435458753,249.6245821663193,P001,1
1785.0,900.7669794218195,250.07538503241744,P001,1
1790.0,899.5992497344208,252.29764498380462,P001,1
1795.0,899.936957779307,249.61400461507412,P001,1
1800.0,901.3021288575692,247.65938337613775,P001,1
1805.0,899.7381757128803,251.45984544964838,P001,1
1810.0,900.3088863120403,249.18215120910043,P001,1
1815.0,901.1070440023198,250.1459161298391,P001,1
1820.0,899.0338469099603,252.03409074531064,P001,1
1825.0,899.5467404616343,248.53185516909147,P001,1
1830.0,896.75978002357,248.1202979133266,P001,1
1835.0,898.7409372013585,250.37566876928256,P001,1
1840.0,896.818385132248,250.58608147253827,P001,1
1845.0,900.6987846468352,248.92912348063905,P001,1
1850.0,901.9080128362048,247.4774643127492,P001,1
1855.0,899.0219344725756,248.82499604514982,P001,1
1860.0,899.2644679835917,252.16875600413056,P001,1
1865.0,896.7075673054678,248.9910912891584,P001,1
1870.0,900.6691484860293,249.35890395215634,P001,1
1875.0,899.0643165950447,248.33973471323316,P001,1
1880.0,899.1373797252758,251.12909219850116,P001,1
1885.0,900.1468425215811,248.2291023730418,P001,1
1890.0,899.1405380505227,248.58658864198736,P001,1
1895.0,900.5906922440772,251.504139564007,P001,1
1900.0,900.189301682776,247.26093767543804,P001,1
1905.0,899.9369628433027,250.1797317598053,P001,1
1910.0,901.336504632067,250.580832520108,P001,1
1915.0,900.0433063669418,251.9534691405267,P001,1
1920.0,897.9617448716599,248.93733571976858,P001,1
1925.0,901.7487795140931,248.71246509593448,P001,1
1930.0,901.0596761121619,249.57056642734125,P001,1
1935.0,900.4784802328381,251.84428161993273,P001,1
1940.0,898.5537806957913,251.34768576574078,P001,1
1945.0,898.8743876250835,248.80995423868424,P001,1
1950.0,900.1085146396157,249.66248329238056,P001,1
1955.0,900.8964269751095,248.25078690516426,P001,1
1960.0,897.8197875442445,247.52851348186127,P001,1
1965.0,903.313734361841,253.17931180244827,P001,1
1970.0,899.0707296468219,248.9041972916131,P001,1
1975.0,900.7855131507964,250.4821605515079,P001,1
1980.0,900.3485052533747,250.3074723865602,P001,1
1985.0,902.4125897658785,251.72079961939932,P001,1
1990.0,898.9834422285059,250.8633637132461,P001,1
1995.0,898.662775826639,252.55705239632437,P001,1
2000.0,899.2311744218439,248.15045221484604,P001,1
2005.0,897.7977798060136,248.3731468525189,P001,1
2010.0,902.2993722517473,247.5321507130425,P001,1
2015.0,901.4383022514644,248.3403440126462,P001,1
2020.0,899.9106097816182,248.7197733962994,P001,1
2025.0,899.1691689154355,246.80215252726094,P001,1
2030.0,902.0494301384477,247.14732422487532,P001,1
2035.0,901.804728660322,250.1538127306077,P001,1
2040.0,898.7864821630521,249.3729168951334,P001,1
2045.0,901.0215749859984,251.2278937072385,P001,1
2050.0,900.2556550710957,247.29033092370406,P001,1
2055.0,898.6261207987998,249.94998684684077,P001,1
2060.0,900.0296630237353,248.1311500089402,P001,1
2065.0,900.1915795298606,250.27628404123084,P001,1
2070.0,901.5328290816229,246.40709615437663,P001,1
2075.0,900.7343826102558,252.26845062795445,P001,1
2080.0,897.8818234491972,249.38533244662244,P001,1
2085.0,898.9988518733212,252.87755237912236,P001,1
2090.0,900.3053427524695,250.69722357111357,P001,1
2095.0,897.988105407389,251.62895856753687,P001,1
2100.0,901.619072755638,251.5158140551154,P001,1
2105.0,898.8375009810891,250.47140042062497,P001,1
2110.0,898.7539306675917,250.0235008030828,P001,1
2115.0,899.5427480435388,248.99207362866582,P001,1
2120.0,898.4774870171302,251.1240477150686,P001,1
2125.0,898.6778602581044,247.85929148086439,P001,1
2130.0,902.8719155128017,248.2083867662805,P001,1
2135.0,900.6230194279037,250.24179013932388,P001,1
2140.0,901.0982468509535,249.38210034455363,P001,1
2145.0,899.0519987802151,249.0569145839166,P001,1
2150.0,898.984790358512,249.42090475831955,P001,1
2155.0,898.1060925349647,250.73242270207183,P001,1
2160.0,899.4545736421069,248.41470619520146,P001,1
2165.0,901.0996054611185,251.4745875806379,P001,1
2170.0,902.0232879513627,249.1922270309555,P001,1
2175.0,897.7137083800787,250.21249358424262,P001,1
2180.0,896.6536093126188,251.46725997181565,P001,1
2185.0,901.3292654071848,249.29392610643953,P001,1
2190.0,898.9939988869613,251.12340786867557,P001,1
2195.0,900.6087785879255,250.36585054524352,P001,1
2200.0,901.0119263338014,248.96449491987227,P001,1
2205.0,901.733269645269,250.7234996864826,P001,1
2210.0,899.6664077954819,251.0552066943177,P001,1
2215.0,900.2276987679173,250.7992650300481,P001,1
2220.0,898.5773287037614,253.28883017101074,P001,1
2225.0,898.6509328006541,252.09204830728612,P001,1
2230.0,899.6291836075987,250.4031669198551,P001,1
2235.0,897.6551332977517,248.72257359823158,P001,1
2240.0,897.198014002747,248.50834460308826,P001,1
2245.0,899.424427514495,249.42696035836184,P001,1
2250.0,901.4366279013744,248.0172169248309,P001,1
2255.0,900.7335814573028,248.6279818800041,P001,1
2260.0,902.4315305327818,249.16761642644187,P001,1
2265.0,899.3190347672348,248.8889024889316,P001,1
2270.0,900.276225480323,250.52490198258164,P001,1
2275.0,901.4414202025428,249.49810835093226,P001,1
2280.0,901.5466205752766,249.05646630708438,P001,1
2285.0,898.8554681974553,251.89153239120037,P001,1
2290.0,900.072702347282,251.6386634906583,P001,1
2295.0,900.1211871497931,248.19037625990848,P001,1
2300.0,898.9410923252206,249.74289883880581,P001,1
2305.0,899.6861734566902,248.36220000997096,P001,1
2310.0,899.1976337985831,246.8519755775191,P001,1
2315.0,898.637540991352,250.0854436880709,P001,1
2320.0,900.099153915749,249.23004699261455,P001,1
2325.0,899.4193961992836,251.85819909102332,P001,1
2330.0,901.2534295053746,249.61447333182184,P001,1
2335.0,900.5474771166847,250.50864637950184,P001,1
2340.0,900.3806722248612,249.98423013995256,P001,1
2345.0,900.3174681025306,249.30625290866675,P001,1
2350.0,898.9600882008322,249.72572604092713,P001,1
2355.0,900.7900519426897,249.44101419685077,P001,1
2360.0,903.1562096648781,249.36258930021341,P001,1
2365.0,898.5366480503033,250.04394001112016,P001,1
2370.0,900.145844982561,250.19520688071012,P001,1
2375.0,902.1769221800823,249.45333142238024,P001,1
2380.0,902.3297130549178,247.8415268117905,P001,1
2385.0,901.0401025445686,249.89616552162116,P001,1
2390.0,903.0929876483613,249.26209925125804,P001,1
2395.0,899.6842676216243,249.65718389464791,P001,1
2400.0,898.9314889990649,252.59179161192554,P001,1
2405.0,901.6449827001512,249.42583925018897,P001,1
2410.0,900.8005872688019,249.05729628245817,P001,1
2415.0,900.1688610263179,250.94399739011135,P001,1
2420.0,898.0950650143158,251.24573805144485,P001,1
2425.0,900.8473850517746,250.43543953659974,P001,1
2430.0,901.6411559259354,250.17266885846863,P001,1
2435.0,897.5797393650436,251.48189162890574,P001,1
2440.0,901.0895594413645,249.83744271288776,P001,1
2445.0,899.8164800632776,249.41848876830218,P001,1
2450.0,901.2888085872258,251.7881794497927,P001,1
2455.0,901.2048645264185,247.30062372890532,P001,1
2460.0,898.5308482456697,248.8151797209572,P001,1
2465.0,901.7491291371593,249.74454943267233,P001,1
2470.0,899.0749340360901,249.1162378197678,P001,1
2475.0,900.799110837382,247.64336271896153,P001,1
2480.0,899.8703445420889,249.0666224755647,P001,1
2485.0,900.8714988255308,250.9905957714581,P001,1
2490.0,899.7531100772328,247.35985840594725,P001,1
2495.0,898.1744986952501,244.33701269934735,P001,1
2500.0,898.8861774944988,249.8783028479476,P001,1
2505.0,901.5046925518728,249.53737040765665,P001,1
2510.0,898.2701224476019,248.3182265931412,P001,1
2515.0,897.6258477145803,247.19718993938898,P001,1
2520.0,899.0385987581542,248.98863465352235,P001,1
2525.0,899.7025987629125,248.77067650064274,P001,1
2530.0,903.120739170406,251.40940248658865,P001,1
2535.0,898.082623247444,248.84597829757854,P001,1
2540.0,898.7717856038836,249.25169691399324,P001,1
2545.0,900.7357752160348,249.51731183063555,P001,1
2550.0,901.0513925672133,250.0363985458914,P001,1
2555.0,898.7884288944106,249.90407120548355,P001,1
2560.0,900.4612068129017,250.2602242967755,P001,1
2565.0,900.818598906132,249.79581172886876,P001,1
2570.0,899.1814726895454,250.78819429791096,P001,1
2575.0,898.9237139155339,251.02971611516574,P001,1
2580.0,900.7830384298609,250.1557315932727,P001,1
2585.0,898.9027377413689,248.5253184598065,P001,1
2590.0,898.2927441442549,249.91184117664537,P001,1
2595.0,898.7962913958471,248.8609188500173,P001,1
2600.0,899.455472705936,252.85815433094592,P001,1
2605.0,900.6303248317436,247.44210547084546,P001,1
2610.0,900.1132716687607,251.76464739855672,P001,1
2615.0,900.4997840208006,251.24600204610013,P001,1
2620.0,903.0679341938938,249.52046462437156,P001,1
2625.0,902.7636389115844,251.8428009840584,P001,1
2630.0,899.8703269090936,252.2908416674128,P001,1
2635.0,900.196150631977,250.19596847157482,P001,1
2640.0,901.7034998408673,253.36247740707464,P001,1
2645.0,898.2668850034066,251.2030813697783,P001,1
2650.0,900.6342242652556,247.04605478582872,P001,1
2655.0,902.829841307112,248.03081883604384,P001,1
2660.0,900.2981910427076,250.50792965315708,P001,1
2665.0,898.1442360879357,249.5430827649021,P001,1
2670.0,897.4511412617462,250.6766058843024,P001,1
2675.0,898.3410942618711,249.44155550722948,P001,1
2680.0,897.5463256296964,250.45641364344445,P001,1
2685.0,886.7540557065453,267.1274677879114,P001,1
2690.0,871.6685936191441,283.4282228817608,P001,1
2695.0,855.9560678310318,292.24429516508866,P001,1
2700.0,839.2943535284685,312.00125275948034,P001,1
2705.0,828.6320315120558,327.49035501260084,P001,1
2710.0,810.6864700567897,338.8719702765065,P001,1
2715.0,795.4581721713944,359.02545546306067,P001,1
2720.0,790.000549447631,369.99131485854775,P001,1
2725.0,757.250862294611,386.2429921451247,P001,1
2730.0,745.5019563187303,400.0559764040627,P001,1
2735.0,727.219909875295,416.6941069416357,P001,1
2740.0,720.067107376768,428.0953548739114,P001,1
2745.0,,,P001,1
2750.0,689.1775865518094,459.3635860615415,P001,1
2755.0,679.498267508138,472.90206448789746,P001,1
2760.0,663.2021660587478,488.23789862977895,P001,1
2765.0,643.1330013614024,505.85675827668047,P001,1
2770.0,627.8146845764245,522.7153289207796,P001,1
2775.0,614.7104420627132,536.0165805001427,P001,1
2780.0,602.793429743994,546.2279313224578,P001,1
2785.0,600.0299780596114,549.9338105696057,P001,1
2790.0,601.5548087579328,549.2397071346891,P001,1
2795.0,600.4537498943272,551.1562795669674,P001,1
2800.0,599.9669562731958,551.6867013319355,P001,1
2805.0,599.5373210521129,550.0817507625801,P001,1
2810.0,601.4722966429141,550.1155900027891,P001,1
2815.0,599.1920580846306,548.7233673326181,P001,1
2820.0,599.2341268608475,550.4813619767049,P001,1
2825.0,600.7465434647927,550.237093183282,P001,1
2830.0,601.9409041350747,552.6801633795342,P001,1
2835.0,597.9412272450841,549.1588164374203,P001,1
2840.0,600.5246667812343,549.9970768833823,P001,1
2845.0,,,P001,1
2850.0,598.564579735488,548.6172376368905,P001,1
2855.0,599.0367901742484,550.0785261386612,P001,1
2860.0,600.5168092992532,549.8467511517749,P001,1
2865.0,599.5013869812458,553.0581119524925,P001,1
2870.0,598.0504844397087,546.1929934222583,P001,1
2875.0,597.9093827320864,552.9324080462928,P001,1
2880.0,599.1350777391268,549.3768102252667,P001,1
2885.0,599.7316838377889,549.7898230029908,P001,1
2890.0,600.0867430095905,548.1668376486489,P001,1
2895.0,598.9942086174799,549.0401939118019,P001,1
2900.0,597.7181226570674,548.2806544731441,P001,1
2905.0,598.5321770388712,551.5832683443698,P001,1
2910.0,600.9315799274469,551.3952279120404,P001,1
2915.0,599.7836130813417,550.2268795045761,P001,1
2920.0,597.8588487239533,550.3044754253702,P001,1
2925.0,600.4098116919108,549.5545915231124,P001,1
2930.0,598.7277847980803,549.8098915935649,P001,1
2935.0,600.2999854341892,549.9398225736703,P001,1
2940.0,599.5327448152383,552.1929880565989,P001,1
2945.0,598.7922437764947,550.2340301348307,P001,1
2950.0,601.3670112187963,551.196838808331,P001,1
2955.0,600.5635447645183,550.6252016235649,P001,1
2960.0,602.2861621816343,549.2049912101593,P001,1
2965.0,599.3424285552908,550.2163643566959,P001,1
2970.0,599.1290590237197,549.1496936529695,P001,1
2975.0,601.2862626845794,548.2870152776002,P001,1
2980.0,600.1920713873195,550.2087297603161,P001,1
2985.0,599.6818847403422,550.4637136947275,P001,1
2990.0,600.7450308365112,549.7200686747489,P001,1
2995.0,598.4084425402585,547.5489500558867,P001,1
3000.0,601.3153783380696,552.6225102219763,P001,1
3005.0,602.9913310457717,548.1347755228373,P001,1
3010.0,599.056482805491,547.9615040104882,P001,1
3015.0,597.8213860716847,548.7055670796391,P001,1
3020.0,598.051877617492,548.692810604145,P001,1
3025.0,600.9170593403813,550.9576300752327,P001,1
3030.0,598.3473325427921,552.4435055349272,P001,1
3035.0,601.992226589719,550.0024621562745,P001,1
3040.0,599.6751209168553,549.7293733554588,P001,1
3045.0,601.7043330443732,551.5562385717117,P001,1
3050.0,598.9080516082976,549.4131960401272,P001,1
3055.0,600.135722253114,550.3294024717744,P001,1
3060.0,601.3768551935128,550.1286008080322,P001,1
3065.0,600.3789137220778,548.192823236083,P001,1
3070.0,601.1371358341302,549.1459230487812,P001,1
3075.0,599.072976892052,552.3092258820491,P001,1
3080.0,602.5988862974014,547.0715215372246,P001,1
3085.0,597.5850908332625,550.6998744819502,P001,1
3090.0,602.0358520841564,551.5907171609568,P001,1
3095.0,599.111073788595,550.9810359439198,P001,1
3100.0,601.8682656017398,548.601519507457,P001,1
3105.0,603.0082916342399,551.4608989386602,P001,1
3110.0,598.9879986315648,551.490675143973,P001,1
3115.0,599.2806759065062,549.6699547136027,P001,1
3120.0,599.8317075279167,549.2698811896996,P001,1
3125.0,597.7148579493748,550.7976467846086,P001,1
3130.0,597.656191924849,549.2774480736266,P001,1
3135.0,601.366827669808,548.8913324571573,P001,1
3140.0,598.5521371932587,550.8099602674587,P001,1
3145.0,600.1054067033087,550.4777000045062,P001,1
3150.0,600.6181392200916,548.5595285549155,P001,1
3155.0,599.1371301464184,549.1149242392713,P001,1
3160.0,599.7013209699386,550.5690645365971,P001,1
3165.0,599.54467025313,547.8353544276387,P001,1
3170.0,599.3157210367505,549.7617977431796,P001,1
3175.0,598.9487587464489,549.3607737693394,P001,1
3180.0,600.3628233274526,549.5387434600037,P001,1
3185.0,600.7697480420488,552.099976313459,P001,1
3190.0,600.7609017749393,551.0009232107116,P001,1
3195.0,598.8799462589753,549.9014326125301,P001,1
3200.0,598.3938856089051,548.9754230076436,P001,1
3205.0,598.6876900394631,550.1706998383798,P001,1
3210.0,600.3232166474328,551.0498025629548,P001,1
3215.0,599.6640890762336,551.2817105245441,P001,1
3220.0,599.2027665208667,550.6146472935967,P001,1
3225.0,599.9216409058636,548.003002647728,P001,1
3230.0,600.7283339137888,550.7843148913045,P001,1
3235.0,600.0554428723723,551.8970972746116,P001,1
3240.0,599.0414187596758,552.3372573523212,P001,1
3245.0,599.2189269935785,551.6799826615874,P001,1
3250.0,600.173958953756,550.3644366424336,P001,1
3255.0,601.8155724913183,549.8193571217643,P001,1
3260.0,600.1383981348157,549.9544746389219,P001,1
3265.0,598.3999703667188,552.9120661825423,P001,1
3270.0,597.6175925583027,548.8961712987815,P001,1
3275.0,599.0744063014944,549.3596397118911,P001,1
3280.0,601.1050627575797,548.9871364042249,P001,1
3285.0,596.3228329865686,548.5718518760774,P001,1
3290.0,601.5763133094504,549.3408292616144,P001,1
3295.0,600.2339756905084,549.9867610063059,P001,1
3300.0,601.258039087591,548.0518174372885,P001,1
3305.0,599.0562649447317,549.6340363611024,P001,1
3310.0,599.4510529563936,550.1631666178117,P001,1
3315.0,600.011136355606,548.0683724292495,P001,1
3320.0,598.1521894808368,550.3535314920559,P001,1
3325.0,601.4082965221509,550.3037800423864,P001,1
3330.0,599.2756082962068,551.5898199528393,P001,1
3335.0,601.9910219840468,550.2581182262838,P001,1
3340.0,602.1325932733147,549.4447563335821,P001,1
3345.0,598.2554026021957,549.6296206390098,P001,1
3350.0,599.3100599703062,551.0137223470218,P001,1
3355.0,599.2721867116446,551.4190190574919,P001,1
3360.0,600.1834130474186,549.9721696941508,P001,1
3365.0,598.4802829372314,549.3210867182582,P001,1
3370.0,598.8308701787684,550.0930401830112,P001,1
3375.0,599.5904763282863,547.4912503040962,P001,1
3380.0,598.2415015711865,548.4508723833701,P001,1
3385.0,599.3144395305632,550.7312078627468,P001,1
3390.0,601.4180571428956,552.5322352713995,P001,1
3395.0,599.1933726142267,550.9302440590602,P001,1
3400.0,598.349930663757,551.4657133093804,P001,1
3405.0,602.2575554076917,553.18038875381,P001,1
3410.0,599.6301763843405,551.2499802273546,P001,1
3415.0,599.9333057660904,552.1588223281542,P001,1
3420.0,600.6169058983486,550.361795272297,P001,1
3425.0,599.9465160066924,551.1562561095574,P001,1
3430.0,598.0516892537987,550.424563813752,P001,1
3435.0,597.9059809576398,549.9793132975775,P001,1
3440.0,600.7028899289392,548.785919648386,P001,1
3445.0,602.598631319203,552.9177171281268,P001,1
3450.0,597.9614149350344,553.6755712781254,P001,1
3455.0,602.5751463118168,549.9313833202697,P001,1
3460.0,599.1141430301197,546.9855741711418,P001,1
3465.0,601.5099947833544,549.0187300958985,P001,1
3470.0,599.2097584304187,550.2928160172993,P001,1
3475.0,599.5583794848943,552.3575241299455,P001,1
3480.0,598.0846014522259,550.0470135518975,P001,1
3485.0,599.0428153394951,550.2343378149798,P001,1
3490.0,601.1662342166389,551.65004229566,P001,1
3495.0,601.0605082814884,549.1781023794342,P001,1
3500.0,599.5796499227619,550.2367184534834,P001,1
3505.0,598.8969874099707,550.1715974785143,P001,1
3510.0,598.0869968222992,552.3734184264559,P001,1
3515.0,600.7805820128923,550.5779114014672,P001,1
3520.0,600.6245176787759,550.9771385605346,P001,1
3525.0,600.7405499641154,549.1067425301225,P001,1
3530.0,599.4914160888693,549.3666183132959,P001,1
3535.0,601.8798336316644,548.9140968916444,P001,1
3540.0,598.4427246800394,548.726836320255,P001,1
3545.0,598.5476292006847,550.8469095524662,P001,1
3550.0,597.479257847401,551.0680870906691,P001,1
3555.0,599.8591001734213,547.7955522161875,P001,1
3560.0,600.0681644661717,552.0322773080571,P001,1
3565.0,599.2234880522735,548.0477393541455,P001,1
3570.0,599.9124055496334,550.981090043417,P001,1
3575.0,602.2570127801262,549.9500118657944,P001,1
3580.0,602.1896429339133,550.935681439127,P001,1
3585.0,600.9212381243722,549.0139471496547,P001,1
3590.0,597.6068083835644,551.2111156965041,P001,1
3595.0,599.384486786327,550.8257374975735,P001,1
3600.0,599.1337540025619,550.7233098611778,P001,1
3605.0,600.2249393780888,549.867493636804,P001,1
3610.0,600.3150707353491,549.8724273299974,P001,1
3615.0,599.6387795219263,549.0073457086816,P001,1
3620.0,599.1432526607514,546.9194237467844,P001,1
3625.0,597.3684064864962,548.7174042250451,P001,1
3630.0,599.2034284523913,551.65335201688,P001,1
3635.0,600.7451288464367,551.5970008920943,P001,1
3640.0,599.8419492396274,548.6502446240509,P001,1
3645.0,601.8109524369331,548.2071886479038,P001,1
3650.0,599.6820801549092,548.1707152525371,P001,1
3655.0,599.0323915128488,550.114528704582,P001,1
3660.0,599.0199519329993,546.8395972200509,P001,1
3665.0,597.826645015165,552.093619316368,P001,1
3670.0,600.7835150867708,549.0027991668094,P001,1
3675.0,597.9504344414266,549.3091829978317,P001,1
3680.0,602.4675663336208,550.1935856669246,P001,1
3685.0,598.8519355018731,553.2892996801053,P001,1
3690.0,599.1740789945122,551.7363135219802,P001,1
3695.0,599.1660287738556,550.3732561067606,P001,1
3700.0,600.6886345172134,551.4546052278786,P001,1
3705.0,601.3571057841161,552.4366828062788,P001,1
3710.0,600.9886373985618,548.7489223440417,P001,1
3715.0,602.5957048675734,550.7052546663831,P001,1
3720.0,598.7432649914169,550.582643230873,P001,1
3725.0,601.4125611752323,550.9289347893933,P001,1
3730.0,601.8392965564584,550.1018128602196,P001,1
3735.0,599.3379710734993,549.5176113531227,P001,1
3740.0,600.6092692820083,547.6527941534628,P001,1
3745.0,601.1239411660148,549.6781309501216,P001,1
3750.0,596.4117419813091,550.5013908534305,P001,1
3755.0,599.7785623212899,549.0219733679207,P001,1
3760.0,600.1203535015063,551.2398058333732,P001,1
3765.0,599.1070029175387,551.060163090515,P001,1
3770.0,598.018265580439,550.4073087636839,P001,1
3775.0,598.4568100571536,548.9619264524622,P001,1
3780.0,600.5047216813962,548.8517305139408,P001,1
3785.0,600.2388175187562,551.4970387732524,P001,1
3790.0,600.7273696442835,547.9107414410561,P001,1
3795.0,599.6965730051991,550.3151126105157,P001,1
3800.0,599.6727270885984,549.5961224520262,P001,1
3805.0,599.9112804808854,549.3376617668845,P001,1
3810.0,601.3957327750701,550.7740998075851,P001,1
3815.0,600.1284610427723,551.3044605679057,P001,1
3820.0,601.9065573302099,547.6235963964987,P001,1
3825.0,597.0718359593723,547.1157136134657,P001,1
3830.0,599.6166048595134,550.8388980570062,P001,1
3835.0,603.885877841933,550.69505431038,P001,1
3840.0,598.8878361160922,549.3592761948496,P001,1
3845.0,597.7766105201833,546.421612567325,P001,1
3850.0,598.8537026646364,550.6731016387137,P001,1
3855.0,599.1459085040939,550.9519942649137,P001,1
3860.0,600.2196579213592,549.0637955996074,P001,1
3865.0,600.693547873665,552.6301925149119,P001,1
3870.0,597.776869403401,550.2112411258447,P001,1
3875.0,598.7959482606151,547.7019343266138,P001,1
3880.0,601.4425512754149,552.290090698678,P001,1
3885.0,599.2873439429577,547.2372354107966,P001,1
3890.0,597.0999976717943,549.623147637357,P001,1
3895.0,601.1055878747637,549.6311262248449,P001,1
3900.0,598.7300044031622,549.3410801845753,P001,1
3905.0,600.7963564631505,553.2423526551966,P001,1
3910.0,600.5062612689428,549.4808067290189,P001,1
3915.0,599.0082593173648,552.9541988934129,P001,1
3920.0,598.6565479237743,550.772058402814,P001,1
3925.0,598.562105518384,546.6468460663575,P001,1
3930.0,599.620980844688,548.9302673570179,P001,1
3935.0,596.77727931579,550.9670203464125,P001,1
3940.0,599.071391747303,548.1889587993364,P001,1
3945.0,599.2344234477725,547.3792047835451,P001,1
3950.0,599.9447898538964,552.1149183152446,P001,1
3955.0,601.1405941919174,551.498053118247,P001,1
3960.0,576.9872857423188,549.3412496096348,P001,1
3965.0,560.7629273579201,548.4162286659927,P001,1
3970.0,552.5501603586935,542.5371073729032,P001,1
3975.0,527.5852012225499,536.0788086471794,P001,1
3980.0,511.5166785039687,531.2890231056308,P001,1
3985.0,491.37750069308294,533.6796576558985,P001,1
3990.0,475.51212660599407,531.6974635353034,P001,1
3995.0,457.7435808951322,520.6148529294284,P001,1
4000.0,439.40460486956107,524.3873930614769,P001,1
4005.0,422.58335155974703,520.7790723820355,P001,1
4010.0,410.79879400093597,518.3555771884986,P001,1
4015.0,390.5461974471093,510.35910839933103,P001,1
4020.0,371.30189398275394,515.8736773796152,P001,1
4025.0,352.9007947631399,509.56977713904797,P001,1
4030.0,347.45638576747604,506.3371715730634,P001,1
4035.0,319.75749708994283,502.75914703576126,P001,1
4040.0,302.5976314122763,498.8622030405624,P001,1
4045.0,298.91100682596726,499.93491572357675,P001,1
4050.0,303.1106552336877,500.25449045972647,P001,1
4055.0,302.29558545243646,502.687770284581,P001,1
4060.0,303.9073708217019,498.2170801419471,P001,1
4065.0,302.5086861612527,500.7334318406452,P001,1
4070.0,299.69573006270633,499.8019960938507,P001,1
4075.0,300.46791450182207,500.2651519307782,P001,1
4080.0,300.94980802500004,498.3669080946473,P001,1
4085.0,302.7252964385902,496.87023612816034,P001,1
4090.0,299.4192432839664,496.29357868452047,P001,1
4095.0,298.4517687216926,499.2701118590012,P001,1
4100.0,298.427061435004,497.7105975463686,P001,1
4105.0,299.3191118557248,495.9361466685941,P001,1
4110.0,299.4872642988702,499.2047434855515,P001,1
4115.0,300.0693202988659,498.5600851782586,P001,1
4120.0,298.300968843099,499.40556727785463,P001,1
4125.0,298.5572236441781,498.52975874419724,P001,1
4130.0,301.1052135173835,498.8837647346751,P001,1
4135.0,301.2094971391336,498.70631806367476,P001,1
4140.0,299.1517110512228,499.10922660644763,P001,1
4145.0,299.7064803257784,497.06930393778464,P001,1
4150.0,301.6178716949685,499.4532973278546,P001,1
4155.0,299.015250638507,498.35654249315456,P001,1
4160.0,298.80034946974916,497.76116286539974,P001,1
4165.0,301.3325899926075,498.6315808311183,P001,1
4170.0,299.58307052500294,500.83477027057376,P001,1
4175.0,299.2738568515824,499.4396845218909,P001,1
4180.0,297.71552212090984,499.9673908006895,P001,1
4185.0,300.80353272682123,500.22753873932896,P001,1
4190.0,299.2859234644578,501.6942201077904,P001,1
4195.0,301.1102539276363,500.38421232643094,P001,1
4200.0,296.7571932932985,502.4955891607931,P001,1
4205.0,298.8339620013191,499.8044912734653,P001,1
4210.0,301.2343970171873,503.2019114780897,P001,1
4215.0,299.274762850801,500.6761516524031,P001,1
4220.0,298.20238165913463,500.8852843363325,P001,1
4225.0,301.07506002108175,501.4075193592334,P001,1
4230.0,299.3956563348216,500.0704424048649,P001,1
4235.0,299.59431904890243,500.82734072053984,P001,1
4240.0,296.8297051299277,501.0786189617004,P001,1
4245.0,,,P001,1
4250.0,298.5359376537327,501.4629687332183,P001,1
4255.0,297.6406000442541,500.0611539444367,P001,1
4260.0,297.243691369032,499.3683720397029,P001,1
4265.0,298.9504439749324,498.9906353431369,P001,1
4270.0,301.6210071235156,501.0392130619351,P001,1
4275.0,298.6361370576121,500.73114893873014,P001,1
4280.0,296.27708822306977,498.1591095333146,P001,1
4285.0,296.9412098795878,498.65345724322685,P001,1
4290.0,299.36668409573053,498.4556433645883,P001,1
4295.0,299.78172819515595,501.58492378075965,P001,1
4300.0,299.23701949442267,501.8707740682264,P001,1
4305.0,298.5784150064978,500.13395831712637,P001,1
4310.0,300.2025703816557,498.7801398993447,P001,1
4315.0,298.3849023841436,500.36431452333335,P001,1
4320.0,300.0507735266202,502.0838233497922,P001,1
4325.0,299.8689230413451,499.76781228284915,P001,1
4330.0,298.7091920766102,500.6560919109401,P001,1
4335.0,301.67990564680775,498.61304946410485,P001,1
4340.0,298.37447716870804,497.97649183142397,P001,1
4345.0,298.2928741787269,500.0773210024502,P001,1
4350.0,302.0748282163653,499.9106075827874,P001,1
4355.0,302.041774364926,500.22302488600707,P001,1
4360.0,303.063591789231,496.2672626189887,P001,1
4365.0,299.5037974329184,501.3236838874523,P001,1
4370.0,300.3340539996164,501.1244227899437,P001,1
4375.0,298.88843716965147,502.26393557927526,P001,1
4380.0,301.51004875000905,500.1914223792147,P001,1
4385.0,300.2188432020116,501.3399921125378,P001,1
4390.0,297.2431743751428,495.6531913202593,P001,1
4395.0,301.20437706168843,499.62304519455364,P001,1
4400.0,299.51933175464126,499.7736209675695,P001,1
4405.0,299.10246650050516,497.25850907451473,P001,1
4410.0,299.3501665289259,499.86911562542355,P001,1
4415.0,297.8890573213116,499.9246663463274,P001,1
4420.0,298.6319413785791,499.9483005579441,P001,1
4425.0,299.84868135249883,501.84670293212764,P001,1
4430.0,301.60012893916047,498.7278537275351,P001,1
4435.0,300.96886093813816,498.30049170855546,P001,1
4440.0,301.23773161416875,498.9260726439641,P001,1
4445.0,301.6219574250482,499.2180786534326,P001,1
4450.0,300.2920957104646,499.75949339691107,P001,1
4455.0,299.5560099904612,500.38577317859153,P001,1
4460.0,302.26873912920126,498.95013340533865,P001,1
4465.0,298.41624528602154,501.81637589751386,P001,1
4470.0,300.78095046546895,500.7250259399335,P001,1
4475.0,300.80136649244145,501.7075686182682,P001,1
4480.0,300.0186193164292,502.6292044950231,P001,1
4485.0,304.18209390808295,499.85071782117257,P001,1
4490.0,300.4841533091254,500.37951626767614,P001,1
4495.0,303.98782539614064,500.16432058271766,P001,1
4500.0,301.6309126071184,498.4371904378438,P001,1
4505.0,301.3743716921164,499.3720533739445,P001,1
4510.0,298.13811422680897,500.528403666477,P001,1
4515.0,298.6019908681864,501.2274099063139,P001,1
4520.0,301.4163633773547,498.9003765753086,P001,1
4525.0,299.27021288644056,501.04641316589306,P001,1
4530.0,296.611251984426,499.6543130156905,P001,1
4535.0,301.6686658540383,500.3775476080708,P001,1
4540.0,298.4827851886988,499.07695871665703,P001,1
4545.0,299.30993963260426,500.7658770462656,P001,1
4550.0,299.6852902034483,500.5282063357523,P001,1
4555.0,299.37572932937235,502.2691764777947,P001,1
4560.0,299.65562695426735,502.7685630349238,P001,1
4565.0,302.68461650898473,498.5444241140006,P001,1
4570.0,297.84755058406313,498.8086525426836,P001,1
4575.0,299.34532789185465,496.86312640695894,P001,1
4580.0,299.04814799881143,501.20727548873214,P001,1
4585.0,301.06576252349765,500.6641188411759,P001,1
4590.0,299.02171513147266,501.84903574141345,P001,1
4595.0,299.5566296485972,496.3168432529711,P001,1
4600.0,297.3727453196867,500.2059536230922,P001,1
4605.0,300.40978724250317,499.47278414150117,P001,1
4610.0,300.3003013280289,500.9175781541645,P001,1
4615.0,301.1328823343758,500.47424586957885,P001,1
4620.0,299.8542244280339,501.7601748325854,P001,1
4625.0,299.0205210942588,497.89093542971267,P001,1
4630.0,298.80676408763827,499.7248803713144,P001,1
4635.0,300.7078913470079,499.75955874541273,P001,1
4640.0,299.82168626174007,501.38314572252915,P001,1
4645.0,303.43844212202964,499.8865675300765,P001,1
4650.0,297.4738752703903,501.96379500403873,P001,1
4655.0,299.85795945887037,500.15994280233826,P001,1
4660.0,299.8505763287711,500.34783511926656,P001,1
4665.0,301.0902351983383,501.22009863173446,P001,1
4670.0,301.2360508547331,499.4347523760085,P001,1
4675.0,299.99073148845844,500.6972802530787,P001,1
4680.0,299.7330437474474,499.3319894689539,P001,1
4685.0,298.77465293312275,499.65841472743625,P001,1
4690.0,301.61546363229627,497.24307651749086,P001,1
4695.0,301.17911340190074,500.2557017569103,P001,1
4700.0,298.60321741556777,499.5071437908688,P001,1
4705.0,300.083679302523,501.29324019812043,P001,1
4710.0,299.9270782858585,502.49065171211566,P001,1
4715.0,300.92695820072834,500.3049136083689,P001,1
4720.0,300.39368231987305,500.83504521869,P001,1
4725.0,300.0127201620682,499.62622972649734,P001,1
4730.0,299.78655619917464,499.58102825500595,P001,1
4735.0,299.41410489906207,499.6043725587378,P001,1
4740.0,300.89437716752155,499.93764816623207,P001,1
4745.0,297.8659772336109,500.82701246048424,P001,1
4750.0,299.0524589249252,502.5933793908602,P001,1
4755.0,298.27762306856533,501.6830684502825,P001,1
4760.0,299.3379668082887,500.14135819363327,P001,1
4765.0,302.9097768815018,500.33768588002624,P001,1
4770.0,300.9669593625881,496.8032247099375,P001,1
4775.0,300.49420970581383,502.45810328619416,P001,1
4780.0,298.1801997424664,503.17638128154357,P001,1
4785.0,298.5752549036007,500.29767054349793,P001,1
4790.0,298.5657387650192,500.2714619966191,P001,1
4795.0,300.80807195183553,497.1363120143381,P001,1
4800.0,299.2615975982437,499.4345222653624,P001,1
4805.0,299.67410440453256,498.73400974839694,P001,1
4810.0,297.1718181485655,498.75502423170815,P001,1
4815.0,300.1760641309532,499.3079721697446,P001,1
4820.0,300.8825840419105,499.88196432014036,P001,1
4825.0,299.7528863938692,501.57368412861297,P001,1
4830.0,301.8788638279481,501.1818483621392,P001,1
4835.0,298.67064964768866,499.8555180818507,P001,1
4840.0,299.6867536159623,499.3960710643177,P001,1
4845.0,301.6823717707212,499.39992260806093,P001,1
4850.0,299.7432933548722,501.13270751604824,P001,1
4855.0,298.68127347050023,499.71678875202025,P001,1
4860.0,301.98903929487494,497.4567004698227,P001,1
4865.0,300.1460959343996,496.54827885055875,P001,1
4870.0,301.28927556040355,500.70563125223606,P001,1
4875.0,301.85700045093415,500.6239060215921,P001,1
4880.0,298.88526786611504,498.81505071276297,P001,1
4885.0,,,P001,1
4890.0,300.5085075555031,500.80892248541693,P001,1
4895.0,298.2500098213014,500.6345197824641,P001,1
4900.0,300.4225427708947,500.47751398118083,P001,1
4905.0,299.5711838130363,501.44228045434625,P001,1
4910.0,298.8495861316661,499.25566166066835,P001,1
4915.0,297.95107559211743,502.59412619222906,P001,1
4920.0,300.24043922213156,500.0179952025632,P001,1
4925.0,298.93521168424536,502.49381481068286,P001,1
4930.0,300.85571322171467,501.08717494013246,P001,1
4935.0,300.75265226859426,500.01501636192046,P001,1
4940.0,298.09209753732154,503.2746046956964,P001,1
4945.0,299.7149390130383,499.2964193997411,P001,1
4950.0,298.0318894885538,497.9816758977727,P001,1
4955.0,301.40951663660934,500.7929644525665,P001,1
4960.0,299.5365721486809,499.4583858284332,P001,1
4965.0,299.03522659536793,499.57805599007395,P001,1
4970.0,301.21958509291375,499.2046896091647,P001,1
4975.0,299.9083089499961,501.406855627566,P001,1
4980.0,302.51699311852644,500.8325300624044,P001,1
4985.0,300.43141170682856,499.99496805667906,P001,1
4990.0,301.83607777919536,497.025578191311,P001,1
4995.0,299.43875832361704,501.715814408067,P001,1
5000.0,300.1421218683821,500.41449033815803,P001,1
5005.0,302.1495972875203,497.65001879715334,P001,1
5010.0,299.6727497061394,499.0260736921115,P001,1
5015.0,303.0152587194164,498.7268097190321,P001,1
5020.0,299.18970505404906,500.6835076809017,P001,1
5025.0,301.8476054617089,498.2319498656387,P001,1
5030.0,300.3894733687763,500.4540162178235,P001,1
5035.0,301.42920706514246,500.1023143222509,P001,1
5040.0,298.59321170384163,497.3796870714259,P001,1
5045.0,300.4261783773782,498.43882525690424,P001,1
5050.0,300.6109782608351,500.92576073155095,P001,1
5055.0,298.16438106289684,500.64572466559247,P001,1
5060.0,298.97748083467184,500.9692618868719,P001,1
5065.0,301.20717940089696,499.52302155370506,P001,1
5070.0,300.82767231575195,501.35366211568453,P001,1
5075.0,302.5972124575611,498.2333255803788,P001,1
5080.0,301.1279838008075,498.9267254306403,P001,1
5085.0,299.48957790374897,502.1714534950712,P001,1
5090.0,297.44560918418233,499.8550281598506,P001,1
5095.0,299.2607105138126,498.8021712530302,P001,1
5100.0,299.5727238420623,498.0785059130742,P001,1
5105.0,301.9900694925088,500.18959634128123,P001,1
5110.0,302.692384334946,501.54051616888705,P001,1
5115.0,300.93755298802233,497.1913214549632,P001,1
5120.0,301.98127753065575,500.4917137224322,P001,1
5125.0,301.5247794829261,500.67808165613377,P001,1
5130.0,298.2641462931216,501.240541165808,P001,1
5135.0,300.77816146307214,500.19232061094806,P001,1
5140.0,297.62082218156274,500.7083749878084,P001,1
5145.0,302.0101548252132,500.7725215499234,P001,1
5150.0,298.9650782570816,501.85203241774036,P001,1
5155.0,298.2142883732454,501.3087679737973,P001,1
5160.0,297.5731642180752,499.81888559854355,P001,1
5165.0,299.43095280865674,498.7637293015379,P001,1
5170.0,300.8629897843428,497.07933790936886,P001,1
5175.0,301.6576627114641,501.1325819673719,P001,1
5180.0,298.3155981547391,497.2118438660262,P001,1
5185.0,300.2589817205067,499.4531585276197,P001,1
5190.0,301.07187886155026,501.11334725151295,P001,1
5195.0,301.1851850456092,499.4495302752414,P001,1
5200.0,300.5789975685925,498.9430844105479,P001,1
5205.0,300.08794403778495,499.9662600901872,P001,1
5210.0,299.90774198696647,500.38808436975535,P001,1
5215.0,298.37561620407837,499.73457756266123,P001,1
5220.0,300.1293274983661,499.3240636658237,P001,1
5225.0,300.86101105429424,502.72030517258037,P001,1
5230.0,297.97387096538546,501.0499998559322,P001,1
5235.0,302.1912491637496,497.7163613952556,P001,1
5240.0,300.17095297612786,499.2840574998094,P001,1
5245.0,301.34963724956543,497.12046836411673,P001,1
5250.0,299.74354575489167,500.6786994569892,P001,1
5255.0,301.813374436119,498.98187154203987,P001,1
5260.0,298.76565421685706,499.444343917775,P001,1
5265.0,300.4135888282944,499.577308708491,P001,1
5270.0,295.7055817875251,499.8787309296602,P001,1
5275.0,301.92264050574954,502.26632603881177,P001,1
5280.0,301.38350015051316,501.6189401437879,P001,1
5285.0,301.32368429119066,499.37724858135255,P001,1
5290.0,298.9410202557616,497.10805201182404,P001,1
5295.0,300.409216895173,502.7971517641619,P001,1
5300.0,300.33084747100406,499.9468032139399,P001,1
5305.0,299.92818857704367,500.781679972373,P001,1
5310.0,297.6826481091708,499.93560768518097,P001,1
5315.0,301.7347938896777,500.34711350860704,P001,1
5320.0,297.92656490006414,502.4133007417739,P001,1
5325.0,295.44503469269364,501.93402632928326,P001,1
5330.0,299.4068084363716,498.84780931393004,P001,1
5335.0,300.8874414252675,501.01802508040583,P001,1
5340.0,299.29913537021565,500.31752966346517,P001,1
5345.0,302.5914786554689,500.9441022232945,P001,1
5350.0,301.61523627900596,498.622701512936,P001,1
5355.0,300.2976665678768,497.1351781303587,P001,1
5360.0,302.9218827077354,501.04633133436084,P001,1
5365.0,300.5539021128328,499.2287097670584,P001,1
5370.0,300.36603727468065,499.25109132602347,P001,1
5375.0,299.51274332422406,500.47795342821576,P001,1
5380.0,298.09127827681095,498.72575804960906,P001,1
5385.0,302.1332505803026,498.1349574306044,P001,1
5390.0,297.88875546747056,500.12353394986354,P001,1
5395.0,300.8482835325481,500.0252153562545,P001,1
5400.0,297.7508568489607,500.927529329958,P001,1
5405.0,301.10186694336085,499.1227907618575,P001,1
5410.0,299.39300628869603,500.10800763710284,P001,1
5415.0,298.77570837216024,498.94671402765533,P001,1
5420.0,299.6648394287224,500.6570376598963,P001,1
5425.0,300.344933851845,500.61744731687565,P001,1
5430.0,300.2576941545594,501.7704792847683,P001,1
5435.0,301.0350846070437,500.5576722359759,P001,1
5440.0,300.23857929549365,499.75328250234105,P001,1
5445.0,301.9526420106468,501.84483882757905,P001,1
5450.0,300.9691204391002,499.2558427478969,P001,1
5455.0,300.0918689639056,499.8940769445986,P001,1
5460.0,299.7820034391299,498.9398915747205,P001,1
5465.0,297.75117855833184,500.242674302865,P001,1
5470.0,303.00078794133765,497.67093176521126,P001,1
5475.0,301.9107023440219,498.65287964569745,P001,1
5480.0,298.53066105263883,499.35262270313467,P001,1
5485.0,303.08026422043355,501.0046473522646,P001,1
5490.0,299.33808422775735,500.7194818044926,P001,1
5495.0,298.55235829566675,498.8446329685831,P001,1
5500.0,302.04466412461454,499.4905355322691,P001,1
5505.0,301.47551243453796,499.4501048902538,P001,1
5510.0,299.45432387678267,500.74520849498776,P001,1
5515.0,301.20166026548407,499.8507741228069,P001,1
5520.0,301.55246110266995,499.087037518642,P001,1
5525.0,298.67144566970455,499.428337804321,P001,1
5530.0,297.9362814281312,505.72104860538093,P001,1
5535.0,299.83488505456626,498.9558537767443,P001,1
5540.0,300.9250306146593,500.63354600021967,P001,1
5545.0,299.57044113969937,499.26823132247904,P001,1
5550.0,302.07484167574654,501.43558348034196,P001,1
5555.0,299.40090541310667,500.5522223038443,P001,1
5560.0,301.48483812115825,499.5941968012505,P001,1
5565.0,299.84296024231236,501.7073379342215,P001,1
5570.0,298.71694887047494,498.8757594049129,P001,1
5575.0,301.85844486447525,499.5954976047239,P001,1
5580.0,302.0857986921755,502.79525326916706,P001,1
5585.0,300.0261307597311,498.5606598981487,P001,1
5590.0,298.7234481596037,500.9661520222467,P001,1
5595.0,303.4141575872225,498.3223579309346,P001,1
5600.0,300.1174571615352,501.16403010238895,P001,1
5605.0,300.6143168540723,500.41215691383763,P001,1
5610.0,300.9743880646835,499.12603189097854,P001,1
5615.0,304.58694566235147,499.1669650243717,P001,1
5620.0,299.0695254475206,498.1558041706992,P001,1
5625.0,299.499758051706,498.8006086556402,P001,1
5630.0,300.44271157686,501.4643007636065,P001,1
5635.0,298.3803049830485,499.1869108605239,P001,1
5640.0,297.90019385320437,500.4808644578138,P001,1
5645.0,299.82692249310475,499.0352361426012,P001,1
5650.0,298.3087491659873,498.5907868713759,P001,1
5655.0,297.2641101795195,498.666759706835,P001,1
5660.0,301.29475858385723,501.2424875788753,P001,1
5665.0,301.85675920615296,501.28700009372966,P001,1
5670.0,298.93945332718226,498.46548882858593,P001,1
5675.0,299.8221539278351,500.10493317967854,P001,1
5680.0,297.8637280366168,497.4567826214915,P001,1
5685.0,300.3137874342321,501.67859146412127,P001,1
5690.0,297.93643315440386,501.2011551483197,P001,1
5695.0,299.4272293187543,499.34461769316624,P001,1
5700.0,299.79903296436953,502.82346233904093,P001,1
5705.0,298.0114917438014,498.0920502669121,P001,1
5710.0,299.5632745825592,498.98251161358144,P001,1
5715.0,302.1586474239478,500.7920098423301,P001,1
5720.0,300.122297702826,496.33395514590285,P001,1
5725.0,297.8485204138283,499.52433604036895,P001,1
5730.0,302.93742094958446,498.3113083378471,P001,1
5735.0,300.19368575328275,500.7128718314827,P001,1
5740.0,296.48840483340894,499.41759424407394,P001,1
5745.0,297.2918863658508,499.28100588941356,P001,1
5750.0,301.5753594737187,498.3088952385612,P001,1
5755.0,301.19706267986055,496.46875051047454,P001,1
5760.0,299.88978951379505,500.7305556854494,P001,1
5765.0,301.6105542147143,502.84813104452667,P001,1
5770.0,297.82326671991996,496.06593090103803,P001,1
5775.0,300.01167131699316,500.3177526640258,P001,1
5780.0,299.4471128538168,500.6362131058784,P001,1
5785.0,300.55061077164237,499.73460182837795,P001,1
5790.0,298.4347646019341,500.58690329735634,P001,1
5795.0,301.45977928836544,499.68877241548404,P001,1
5800.0,298.7600600652206,500.53697928717344,P001,1
5805.0,297.31465678985097,499.64001681915175,P001,1
5810.0,300.538617001814,501.3290649331689,P001,1
5815.0,302.6260152753345,499.7357873526783,P001,1
5820.0,298.5312222535718,502.2329195943263,P001,1
5825.0,298.1441989803585,500.8118256636046,P001,1
5830.0,299.7759211406347,497.7937410083532,P001,1
5835.0,298.5957993310517,499.9948625775463,P001,1
5840.0,299.6957197378439,499.10434926294823,P001,1
5845.0,300.8808549803749,498.5847309933581,P001,1
5850.0,297.3994066464326,496.8953874417228,P001,1
5855.0,299.1231375686405,500.54214609993363,P001,1
5860.0,297.86603531256867,499.4820524428855,P001,1
5865.0,300.6776590515347,501.46662708259026,P001,1
5870.0,300.60007014073875,499.1499393243471,P001,1
5875.0,302.3911033745561,496.8205617908221,P001,1
5880.0,299.1455830964274,497.30337722900947,P001,1
5885.0,300.8116255857405,500.19791407171783,P001,1
5890.0,299.08792028686406,498.92053476625193,P001,1
5895.0,298.0657249693873,497.3725940761463,P001,1
5900.0,299.4502520172364,500.3608780575422,P001,1
5905.0,300.3522965525163,497.85389014220283,P001,1
5910.0,302.259846419533,499.3747380117988,P001,1
5915.0,299.6694270678922,501.41690423670804,P001,1
5920.0,298.16227653310403,500.2400151553816,P001,1
5925.0,300.9207762769099,501.12948201195263,P001,1
5930.0,298.5553350433568,500.65626456673584,P001,1
5935.0,296.27153074198014,501.0437509668223,P001,1
5940.0,300.1481227504538,501.0287119974091,P001,1
5945.0,301.5477631838609,499.39506599960373,P001,1
5950.0,301.0645415033807,498.6350419145968,P001,1
5955.0,300.0231498538048,500.8927302947696,P001,1
5960.0,298.31974196054284,500.49840310247777,P001,1
5965.0,300.7977243854855,499.7597090630018,P001,1
5970.0,300.930498636444,501.7440310270025,P001,1
5975.0,297.6260024831587,503.54999379289717,P001,1
5980.0,301.1331107957065,498.53394250624126,P001,1
5985.0,299.4532040421901,498.35361567678865,P001,1
5990.0,298.16026646478946,503.56477644783956,P001,1
5995.0,300.82425027800184,497.6505577754359,P001,1
